dt,Virginia,California,Florida,Arizona,New Jersey,Texas,New York,Michigan,Colorado,Nevada,Washington,Massachusetts,Illinois,Tennessee,Georgia,Missouri,South Carolina,Idaho,North Carolina,Rhode Island,West Virginia,Hawaii,Oregon,Utah,Pennsylvania,the District of Columbia,Vermont,Montana,Ohio,Maine,Wyoming,New Hampshire,Alabama,Maryland,Indiana,Connecticut,Oklahoma,New Mexico,Wisconsin,South Dakota,Iowa,Alaska,Kansas,Minnesota,Nebraska,North Dakota,Louisiana,Arkansas,Delaware,Kentucky,Mississippi
2000-01-01,136640,200355,114893,134216,183944,114264,150079,121246,183783,161297,172608,204750,145304,114830,131932,101200,122203,125585,135102,142842,71335,220999,159637,178960,106237,186306,128527,,111248,114941,,139079,103790,162313,104181,170761,80747,,119292,118373,96286,132216,96100,134761,120444,,105738,81854,151312,93544,85691
2000-02-01,137131,201206,115232,134540,184704,114388,150847,121449,184678,161344,173200,205724,145623,115019,132377,101403,122608,125539,135433,143791,71395,220880,160146,179107,106597,187274,128901,,111413,115533,,139767,104071,162338,104117,171695,80813,,119344,118107,96577,132403,96163,135442,120761,,106084,82029,151707,93651,85703
2000-03-01,137588,202278,115590,134923,185340,114427,151488,121835,185527,161657,173708,206741,146056,115166,132820,101653,122878,125650,135717,144661,71469,221370,160542,179315,106887,188175,129377,,111587,115973,,140485,104225,162540,104018,172565,81031,,119589,117736,96816,132555,96332,135978,121000,,106290,82182,152116,93787,85749
2000-04-01,138411,204532,116287,135668,186710,114635,152843,122522,187442,162320,174693,208658,146908,115497,133708,102181,123503,125823,136305,146320,71603,222055,161359,179800,107453,190216,130235,,112040,116944,,141457,104574,162957,103557,173932,81370,,119901,117326,97314,132682,96545,137220,121394,,106752,82493,152978,94088,85910
2000-05-01,139131,206949,116949,136444,187899,114684,154067,123364,189338,163025,175624,210524,147786,115789,134555,102763,123975,126233,136858,147741,71733,223401,161955,181660,107943,192123,131074,,112588,117698,,142470,104904,163674,103425,174878,81773,,120377,117252,97786,132930,96815,138377,121521,,107137,82721,153867,94409,86336
2000-06-01,139783,209464,117608,137051,189255,114756,155324,124163,191399,163662,176400,212462,148641,116031,135388,103336,124488,126633,137400,148601,71918,224730,162469,183257,108389,194299,131752,,113178,118526,,143460,105274,164408,103539,175791,82096,,120829,117104,98197,133028,97072,139690,121579,,107519,82918,154749,94715,86820
2000-07-01,140621,212077,118256,137695,190690,114760,156348,125069,193374,164163,177259,214767,149582,116287,136191,103941,124943,126978,137889,149408,72143,225988,162849,184782,108840,196253,132400,,113676,119354,,144918,105562,165223,104144,176796,82439,,121416,116975,98588,133419,97424,141071,121610,,107856,83096,155590,95054,87208
2000-08-01,141575,214846,118923,138318,192451,114977,157197,125905,195591,164814,177979,217626,150676,116538,137056,104617,125469,127328,138330,150242,72464,227549,163317,184976,109233,197868,133061,,114139,120181,,146533,105811,165894,104572,178036,82747,,122012,116712,98878,133415,97794,143169,121838,,108066,83340,156301,95445,87542
2000-09-01,142605,217631,119603,139060,194341,115229,157940,126671,197829,165515,178631,220755,151805,116869,137935,105289,126019,127594,138762,151390,72706,229028,163674,185464,109649,199034,133812,,114602,121047,,148220,106115,166606,104887,179259,83032,,122584,117080,99220,133604,98131,145098,122088,,108416,83632,156945,95882,87843
2000-10-01,143540,220271,120296,139742,196197,115491,158790,127384,200034,166209,179202,224012,152924,117167,138871,106013,126558,127888,139243,152464,73038,230643,164068,185890,110045,198985,134784,,115055,121839,,150248,106490,167392,105276,180647,83297,,123151,117328,99671,133508,98510,147083,122350,,108853,83932,157522,96267,88266
2000-11-01,144531,222915,121027,140381,197757,115824,159921,128181,202144,166910,179855,227067,153940,117527,139792,106800,127108,128108,139821,153491,73523,231463,164489,186519,110530,199378,135737,,115514,122924,,152071,106926,168226,105850,182027,83653,,123675,117254,100098,133813,98950,148532,122685,,109471,84394,158385,96714,88715
2000-12-01,145564,225511,121790,141007,199145,116204,161134,129037,204169,167576,180715,230149,154904,117955,140810,107509,127535,128362,140435,154673,74167,232344,165015,187088,111036,199890,136700,,115969,124097,,153984,107412,169174,106538,183223,84096,,124225,117071,100618,134216,99476,150269,123034,,110077,84911,159125,97193,89357
2001-01-01,146615,227595,122552,141622,200491,116440,162295,129830,206264,168259,181612,232850,155805,118466,141814,107998,128122,128856,141086,155805,74915,233099,165628,187654,111541,201102,137521,,116406,125594,,155659,107968,169902,107028,184354,84594,,124731,117216,100914,137612,100155,151757,123641,,110773,85544,160035,97793,89952
2001-02-01,147514,229752,123354,142245,202191,116397,163260,130453,208206,169048,182525,235385,156612,118848,142674,108347,128627,129318,141536,157021,75257,233892,166112,187935,112029,202207,138600,,116780,126889,,157634,108414,170631,107170,185345,85058,,125308,117568,101264,142158,100926,153145,123956,,111373,85852,160735,98315,90273
2001-03-01,148497,232218,124204,142871,203882,116190,164215,131017,210202,169881,183372,237971,157557,119197,143427,108835,129191,129998,141935,158383,75568,234555,166656,188120,112560,203614,139727,,117169,128128,,159412,108788,171261,107226,186628,85435,,125908,118233,101475,147596,101698,154606,120164,,111986,86101,161618,98826,90495
2001-04-01,149506,235325,125127,143507,205735,116110,165235,131544,212108,170727,184180,240683,158469,119467,144103,109468,129507,130563,142219,160019,75690,235379,167090,188310,113137,205782,140841,,117560,129069,,161309,109042,172212,107263,188032,85772,,126585,118719,101842,150718,102291,156216,116134,,112494,86216,162399,99259,90707
2001-05-01,150638,238197,126087,144143,207443,116204,166325,132163,213979,171605,184782,243423,159575,119777,144854,110153,129917,131082,142569,161613,76039,236633,167582,188404,113624,207933,141772,,117940,130327,,163422,109301,173218,107577,189519,86035,,127199,119477,102199,153338,102828,157743,112341,,112910,86538,163233,99705,91107
2001-06-01,151702,240692,127081,144770,209347,116340,167481,132713,215638,172502,185411,246274,160601,120037,145542,110852,130322,131389,142882,163167,76305,237948,168055,188614,114096,210009,142625,,118260,131633,,165610,109551,174399,107939,190892,86299,,127811,119647,102632,155472,103335,159242,112644,,113267,86850,163976,100164,91450
2001-07-01,152868,243054,128160,145348,211311,116464,168664,133251,217306,173536,185956,249267,161678,120268,146214,111535,130841,131755,143157,164816,76559,239379,168628,188746,114593,212154,143498,,118611,133078,,167704,109835,175576,108347,192149,86539,,128433,119913,103012,157553,103826,160817,112995,,113601,87211,164652,100600,91710
2001-08-01,153988,245415,129303,145948,213472,116554,169882,133809,218964,174673,186720,252545,162772,120569,146902,112148,131179,132237,143494,166881,76792,240716,169283,189055,115140,214657,144236,,118995,134145,,169520,110053,176893,108637,193974,86840,,129073,119831,103438,158781,104284,162618,113261,,114008,87470,165327,100954,92012
2001-09-01,155167,247766,130463,146568,215771,116661,171027,134425,220432,175758,187329,255585,163930,120877,147587,112760,131488,132747,143819,169100,76977,242304,169859,189293,115676,217347,145009,,119377,135211,,171434,110342,178210,108732,195879,87160,,129704,119894,103850,159695,104697,164500,113541,,114437,87700,166067,101252,92279
2001-10-01,156279,249984,131613,147261,218162,116785,172252,135039,221695,176792,188111,258989,165110,121232,148273,113418,131797,133211,144198,171623,77216,243905,170423,189581,116150,220014,145889,,119742,136150,,173251,110692,179439,108981,198074,87456,,130320,120147,104264,160298,105139,166448,113788,,114860,87824,166885,101522,92714
2001-11-01,157485,252077,132695,147951,220223,116857,173544,135573,222696,177626,188745,262246,166131,121483,148877,114120,132148,133442,144447,173679,77325,245256,170924,189757,116670,222521,147016,,120068,137438,,175026,111021,180679,109149,199787,87697,,130909,120421,104663,161267,105580,168199,114043,,115271,87936,167752,101803,92954
2001-12-01,158602,254049,133776,148571,222072,116926,174941,136087,223478,178577,189670,265279,166987,121666,149457,114831,132487,133711,144689,175790,77421,246471,171520,189823,117157,225141,148154,,120380,138608,,176825,111231,181974,109485,201174,87934,,131496,120558,105101,162258,106058,169635,114343,,115600,88015,168654,102061,93147
2002-01-01,159660,255566,134808,149063,223845,116993,176338,136668,223840,179357,190371,267588,167773,121801,149971,115476,132714,133864,144904,177365,77495,247263,172090,189872,117668,227601,149359,,120650,140024,,178645,111339,183313,109462,202321,88185,,132065,120682,105344,163013,106510,170826,114716,,115831,88148,169595,102281,93258
2002-02-01,160749,257238,135795,149532,225846,117192,177620,137193,224310,180068,191143,269679,168649,122022,150531,116124,132856,134204,145120,179266,77755,248574,172663,189806,118210,230192,150581,,120914,141447,,180410,111534,184614,109514,203522,88515,,132646,121384,105536,163752,106882,171881,115071,,116202,88338,170586,102541,93328
2002-03-01,161911,259211,136782,150080,227950,117554,178718,137691,225045,180903,191800,271988,169758,122258,151044,116668,133020,134420,145347,181121,78096,249989,173212,189969,118806,232299,151885,,121199,142996,,181938,111694,185960,109373,205073,88792,,133192,121802,105642,164458,107223,172923,115413,,116642,88543,171686,102785,93423
2002-04-01,163236,261931,137845,150689,230085,118020,179846,138048,225967,181918,192388,274474,170685,122457,151579,117202,133172,134672,145479,183389,78360,251811,173782,190140,119466,234938,153107,,121487,144608,152790,183681,111884,187508,109317,206824,89069,137343,133728,122082,106028,165469,107527,173914,115657,,117148,88745,172807,103026,93392
2002-05-01,164545,264974,138978,151279,232249,118479,181034,138397,226913,183018,192841,277110,171698,122652,152070,117743,133439,134916,145696,185934,78537,253183,174508,190271,120141,237762,154181,,121790,146037,150661,185232,112095,189430,109427,208812,89271,137603,134251,122138,106506,166124,107368,175255,116046,,118143,88993,173888,103213,93576
2002-06-01,166009,268301,140150,151959,234654,118977,182413,138757,227680,183889,193214,279769,172587,122858,152547,118364,133667,135294,145881,188637,78695,254846,175337,190371,120850,241070,155217,,122086,147543,149982,187041,112340,191507,109732,210989,89484,137664,134789,122613,107072,166547,107193,176506,116359,,118888,89277,175017,103420,93782
2002-07-01,167523,272209,141328,152681,237302,119457,183845,139053,228433,184755,193757,282836,173767,123093,152964,119015,134029,135619,146153,191632,78913,256963,176207,190469,121631,244152,156080,,122417,148997,148827,188758,112609,193737,110079,213203,89717,138021,135315,123065,107487,166911,107011,177875,116712,,119690,89603,176139,103687,94152
2002-08-01,169123,276366,142618,153540,240619,119975,185450,139400,228888,185662,194404,285993,175013,123277,153367,119587,134325,135901,146384,195274,79178,259766,176839,190433,122511,247054,156866,,122738,150308,149238,190850,112818,195983,110122,215258,89972,138374,135916,123431,107836,167334,106992,179059,116988,,,89857,177309,103967,94391
2002-09-01,170691,280515,143838,154207,244205,120388,187044,139694,229420,186431,195006,289544,176247,123484,153799,120207,134640,136185,146615,199646,79427,263111,177410,190213,123397,250265,157508,,123060,151571,150099,193014,113069,198173,110054,216988,90261,138802,136518,123984,108081,167934,107024,180342,117330,,119477,90151,178349,104266,94725
2002-10-01,172212,284408,145066,154930,247917,120741,188589,140103,229970,187441,195611,293748,177396,123746,154272,120885,134936,136499,146845,203617,79804,266176,177963,189733,124253,253781,158273,,123393,152705,150700,195450,113322,200281,110146,219334,90536,139142,137232,124249,108413,168366,107059,181574,117719,,119518,90507,179483,104544,95067
2002-11-01,173637,288279,146207,155540,251154,121045,190077,140469,230486,188570,196188,298044,178237,123993,154680,121572,135280,136750,147055,206797,79996,268880,178703,189524,124946,258191,159116,,123756,153984,151242,197672,113606,202193,110362,221977,90817,139481,137852,124418,108802,168980,107903,182836,118084,,120038,90889,180606,104830,95370
2002-12-01,174963,292121,147527,156279,254203,121310,191677,140868,230682,189858,196590,302004,179200,124242,155016,122171,135624,136878,147294,209306,80159,270891,179419,189296,125653,262571,160065,,124128,155299,151493,199940,113895,204225,110632,224439,91089,139793,138482,124497,109253,169527,108604,184270,118511,,120540,91250,181910,105078,95597
2003-01-01,176113,295374,148869,156925,257168,121566,193256,141243,230720,191043,197171,304960,180125,124406,155339,122698,135964,137004,147537,211811,80219,273333,180111,189197,126344,266297,161002,,124470,156747,152041,202083,114134,206103,110689,226419,91343,140156,138973,125161,109627,169949,109334,185694,118972,,121021,91481,183275,105315,95718
2003-02-01,177361,298438,150286,157653,260149,121761,194851,141620,230798,192255,197757,307922,181239,124675,155680,123274,136378,137266,147783,214710,80576,276398,180736,189262,127090,269514,162066,,124825,158104,152625,204339,114460,208107,110746,227911,91615,140424,139520,126283,109963,170332,109570,186997,119453,,121456,91769,184814,105604,95895
2003-03-01,178708,301784,151732,158282,263119,122017,196653,141838,231213,193609,198753,310980,182250,124923,156081,123838,136768,137351,148025,217893,80982,280090,181438,189241,127807,272349,163140,,125159,159320,153062,206672,114787,210116,110776,229852,91904,140654,140180,126825,110218,170680,109430,188195,119906,,121772,92033,186434,105909,96159
2003-04-01,180306,305747,153293,159033,266115,122238,198345,142099,231616,195025,199725,314395,183400,125232,156433,124407,137051,137854,148218,221214,81418,283587,182213,189462,128590,275775,164131,,125518,160315,153624,208739,115204,212356,110930,232010,92227,140820,140877,127019,110507,171220,108890,189338,120279,,121829,92360,188109,106216,96500
2003-05-01,182021,310084,154885,159782,269224,122455,200056,142522,231826,196707,200930,317654,184398,125518,156742,125025,137340,138339,148434,224743,81780,287356,183086,189664,129549,279245,165156,,125861,161814,154444,211028,115506,214763,111146,234620,92480,141062,141723,126629,110795,172116,108634,190648,120788,,121833,92731,189844,106503,96790
2003-06-01,183794,313800,156432,160621,272522,122654,201686,143054,231940,198375,202011,320451,185324,125831,157004,125706,137678,138949,148624,228517,82136,291277,184039,190076,130668,282973,166222,,126256,163376,155493,213093,115765,217441,111446,237115,92690,141507,142597,126818,111125,173273,108759,191845,121217,,121950,93104,191408,106772,97004
2003-07-01,185742,317956,157958,161468,275945,122843,203432,143538,232093,200422,203141,322598,186213,126122,157263,126378,138201,139265,148867,232627,82502,295157,185120,190294,131838,286591,167359,,126684,165235,156292,215165,116005,220201,111762,239489,92880,142054,143577,127179,111527,175186,109489,193162,121793,,122263,93520,192975,107049,97054
2003-08-01,187694,322391,159546,162410,279463,123084,205459,143992,232330,202574,204475,324781,187395,126427,157621,127051,138678,139577,149172,236149,82721,299131,186323,190383,132895,290020,,,127188,167125,157033,217050,116280,223040,111991,241582,93131,142633,144708,127949,112020,176537,110073,194415,122246,,122759,93870,194544,107333,97288
2003-09-01,189723,327475,161191,163486,282652,123276,207612,144495,232587,205118,205808,327334,188742,126739,157996,127723,139163,139981,149482,239317,82923,302969,187479,190446,133941,293454,171251,,127680,169231,157663,219281,116590,225942,112140,243978,93424,143056,145878,128955,112525,178250,110764,195801,122830,,123231,94283,196378,107675,97515
2003-10-01,191799,332234,162844,164511,285503,123492,209761,145107,232813,207717,207123,330130,190026,127088,158373,128449,139623,140287,149786,242451,83057,308328,188699,190569,134920,297532,173583,,128157,171411,158436,221648,116844,228912,112368,245980,93686,143552,147128,130087,113020,179707,111279,197037,123319,,123831,94665,198106,108019,97903
2003-11-01,193786,336803,164446,165335,287903,123619,211493,145606,233241,210821,208140,332873,191081,127392,158691,129103,140080,140463,150047,245706,83351,313792,189748,190795,135795,300814,174704,,128527,172987,159163,223594,117126,231624,112578,248417,93913,144148,147930,130751,113465,181096,111570,198285,123845,,124263,95048,199615,108330,98090
2003-12-01,195703,341244,165969,166046,290245,123745,213071,146100,233676,213915,209305,335379,192013,127682,159057,129795,140542,140761,150374,249127,83709,318306,190801,191034,136577,303818,175701,,128880,174574,159756,225165,117381,234161,112818,250615,94152,145009,148613,131004,113890,182196,111892,199481,124359,,124712,95398,200912,108607,98233
2004-01-01,197426,345978,167519,166698,292657,124286,214724,146576,234046,217483,210587,337745,193113,127970,159380,130402,140970,141119,150715,251953,84192,322510,191580,191273,137277,307030,176603,,129181,176180,160292,226787,117667,236497,112978,252799,94465,145701,149190,131092,114220,182178,112097,200631,124899,,125154,95786,202333,108861,98413
2004-02-01,199475,351402,169091,167644,295270,,216330,146972,234363,221067,211915,340237,194210,128339,159755,130893,141468,141695,151081,255328,84731,327565,192519,191678,138217,310600,178338,,129556,178282,160915,228617,117948,239129,113151,254526,94816,146514,150039,131726,114457,183069,112405,201876,125483,,125708,96272,203842,109156,98681
2004-03-01,201901,357527,170871,168778,298298,,217639,147413,234753,,213320,342868,195358,128756,160123,131263,141998,142312,151402,258426,85384,333145,193641,192087,139132,314761,180045,,129945,180406,161767,230558,118286,241749,113405,256356,95121,147057,150887,132468,114718,183622,112852,203096,126031,,126339,96804,205428,109409,99033
2004-04-01,204803,364510,172827,170151,301570,128460,219019,147704,235362,232307,214970,345841,196637,129216,160618,131581,142495,143020,151746,261846,85913,339459,195066,192537,140179,318530,181899,,130320,182369,162870,232692,118614,244954,113615,258688,95388,147655,151931,133011,115070,185025,113573,204552,126541,,126925,97360,207450,109605,99330
2004-05-01,208230,372573,175116,171822,305415,129415,220695,148106,236089,239699,217107,348729,198051,129628,161098,132057,143146,143765,152056,265439,86372,345481,196806,192701,141397,323256,184302,,130683,184912,164095,235086,119015,248473,114016,261519,95629,148352,153229,133695,115459,186188,114156,205979,127127,,127408,97823,209857,109818,99620
2004-06-01,212041,381484,177698,173630,309400,129880,222752,148473,236854,247327,219480,351341,199615,130054,161539,132605,143844,144627,152449,269723,86795,353654,198655,192941,142801,328404,186755,,131031,187666,165513,237544,119506,252706,114401,264624,95862,149364,154674,134601,115870,187579,114577,207576,127691,,127977,98291,212748,110073,99859
2004-07-01,216341,390279,180544,,313585,130443,224989,148903,237487,258233,221734,354013,201045,130514,161945,133284,144690,145543,152835,274041,87410,362245,200748,193154,144427,334669,188892,,131417,190638,166850,239504,120076,257189,114835,267638,96101,150484,156254,135837,116240,188953,114766,208980,128344,,128521,98732,215567,110415,100177
2004-08-01,220771,398488,183675,,317836,130943,227189,149310,238070,267415,223838,356731,202464,131006,162453,133843,145385,146362,153257,277850,88041,370658,202705,193380,145887,340158,190067,,131738,192174,168426,241436,120567,262190,115190,270409,96421,151359,157416,136759,116652,190129,115124,210245,128833,,129273,99224,218236,110711,100573
2004-09-01,225158,406306,186738,181257,321955,131580,229524,149694,238297,278326,225774,360143,203670,131519,163007,134315,146172,147051,153708,280912,88650,377170,204578,193526,147362,347012,191270,,132055,193458,169870,243218,121014,267112,115421,273092,96825,151945,158515,137578,117015,191861,116428,211431,129147,,129884,99732,220686,111006,101127
2004-10-01,228884,413939,189613,183925,326016,132127,231730,150138,238674,285440,227719,363354,204914,132061,163607,134754,146979,147647,154207,284305,89210,383526,206301,193621,148564,355322,192913,,132356,194499,171166,245102,121507,271573,115756,276177,97260,152524,159473,138257,117402,193551,117808,212517,129372,,130526,100240,223529,111358,101704
2004-11-01,232110,420382,192281,186559,329692,132610,234004,150518,238983,292401,229786,366317,206170,132568,164090,135273,147862,148339,154717,287351,89789,389562,208089,193650,149887,363377,194772,,132683,196579,172301,247082,122139,275692,116039,279508,97579,153084,160527,138947,117677,195323,119139,213501,129626,,131158,100744,227165,111689,102126
2004-12-01,235380,426912,195114,189920,333151,133031,236129,150907,239627,296298,232193,368670,207592,133085,164519,135856,148690,149059,155222,290675,90356,396860,209829,193606,151171,368542,196772,,132993,198619,173679,249150,122803,279727,116396,282428,97905,153744,161529,139459,118070,196837,119585,214525,130103,,131760,101234,231766,112026,102392
2005-01-01,238790,432531,198129,193437,336470,133612,238203,151323,240280,299790,234624,370928,208878,133560,164852,136411,149509,149969,155575,293782,90995,402194,211381,193590,152538,370132,198595,,133357,201612,175056,251218,123322,283919,117259,284594,98298,154380,162000,140196,118382,198265,120171,215870,130603,,132057,101886,234964,112377,102565
2005-02-01,242080,439142,201406,197897,339638,134115,240259,151633,240738,305779,236702,373881,210201,134183,165204,136911,150335,151050,156028,296879,91686,409123,213173,193975,153528,374664,200499,184353,133755,204206,176084,253108,123715,287889,118293,286381,98698,155030,162370,141106,118788,199530,120687,217324,131070,,132270,102618,237027,112789,102954
2005-03-01,245685,445974,205130,202402,343026,134617,242110,151953,241260,311859,239251,376934,211503,134883,165588,137398,151314,152423,156434,299540,92213,416165,215451,194523,154567,380869,202392,184335,134160,206624,176872,255134,124007,291873,119340,288854,99072,155932,162795,141982,119116,200555,121142,218468,131558,,132419,103400,238671,113301,103454
2005-04-01,249873,453848,209491,208018,347095,135000,244148,152203,241889,320460,242384,380186,212993,135679,166146,137909,152261,153730,157044,302876,92707,425863,218727,195342,155760,389001,204882,185157,134534,207888,177421,257566,124356,296758,119820,291730,99393,156877,163777,142771,119633,201746,121416,219809,132008,,132992,104120,241072,113817,104067
2005-05-01,254903,461062,214259,214486,351531,135397,246318,152565,242765,325278,246049,382747,214543,136469,166811,138547,153222,155329,157647,305666,93324,435406,222272,196004,157257,394562,206975,186192,134845,209129,178428,259711,124745,302190,120332,294913,99747,157909,165025,143462,120309,203450,121828,221176,132552,,133619,104797,244766,114319,104579
2005-06-01,259669,467576,219406,222836,356135,135803,248536,152804,243555,329356,250293,384283,216067,137308,167545,139193,154231,157386,158419,308097,94135,445881,226164,196803,158958,400131,208831,187532,135176,210166,179452,261442,125240,308260,120997,297946,100049,159010,166369,144332,121130,204673,121689,222572,132960,,134506,105481,247260,114759,105275
2005-07-01,264230,473894,224868,231923,360388,136119,250911,152964,244239,331581,254839,385117,217519,138243,168176,139841,155476,159860,159240,309795,94972,456514,230178,197726,160721,406623,210445,188487,135470,211369,180872,262760,125793,314472,121688,300856,100359,160510,167701,145092,121994,206174,121694,223560,133436,,135446,106195,249537,115193,105849
2005-08-01,268241,480459,230440,240458,364587,136419,253383,153173,244896,335370,259909,385555,218953,139174,168792,140476,156732,,160130,312221,95322,466924,234573,198807,162539,414142,212467,190047,135801,212459,182004,264213,126354,320779,122138,303973,100674,162248,168942,146017,122732,207600,121688,224292,133776,,136580,106818,251535,115607,106670
2005-09-01,272400,487031,235744,249210,368519,136723,255980,153433,245423,338172,264362,386776,220561,140072,169412,141120,157929,165903,160959,314942,95656,476522,239049,199985,164165,420815,214856,191884,136097,213703,183284,265747,126926,326028,122424,307001,101041,164279,169977,147052,123304,209655,122323,225167,134177,,137636,107482,254499,115993,107464
2005-10-01,275963,493430,240480,256363,372498,136932,258562,153700,246067,340023,268224,388113,222104,140877,170029,141795,159033,,161845,317480,95904,484130,243036,201204,165624,425470,217150,193906,136402,214735,184666,267229,127632,330923,122658,310127,101346,166175,170791,147998,123668,211717,122584,225971,134507,,138882,108142,257881,116277,108505
2005-11-01,279299,498143,244861,263136,376265,137234,260762,153883,246593,340858,271794,389128,223440,141628,170620,142390,160095,,162642,319136,96452,491315,246585,202641,166963,429874,219000,195098,136695,215602,185995,268529,128522,334540,122879,312895,101699,168085,171431,148518,124039,213642,122651,226884,134880,,140081,108935,260321,116606,109261
2005-12-01,281904,502520,248990,266984,379743,137427,263057,154072,247152,341140,275098,388972,224723,142371,171162,142952,161201,181039,163428,320275,96974,498761,250337,204109,168230,434117,220654,196260,136950,216419,187325,269758,129471,338789,123049,315071,102037,169946,171931,148785,124399,215719,122913,227501,135143,,141435,109629,262450,116935,109698
2006-01-01,284283,506058,252885,268509,382551,137654,264978,154270,247704,341663,277964,388601,226027,142968,171724,143390,162194,182306,164143,320475,97529,507150,253790,205426,169320,438554,221985,197028,137143,217290,188548,270763,130403,341875,123004,316622,102412,171732,172279,149244,124674,217523,123335,228024,135486,,142871,110215,264482,117280,110067
2006-02-01,286711,509337,256508,271970,385349,137950,266780,154438,248022,341725,281158,387696,227293,143672,172300,143786,163508,183788,164869,321300,97630,515726,256852,206925,170257,442040,223419,198498,137292,217638,189944,270708,131321,345322,123003,317145,102870,173557,172681,149835,124886,218469,123900,228434,135840,,144307,110755,266975,117574,110682
2006-03-01,289188,512567,260450,276278,388178,138339,268187,154482,248313,344065,284497,387330,228553,144386,172834,144123,164629,185805,165676,322613,97606,521899,259922,208621,171167,445777,225176,199998,137435,217828,191306,270527,132376,348908,122857,318741,103404,175333,172997,150297,125079,218964,124194,228749,136258,,145771,111307,269544,117872,111621
2006-04-01,291339,515392,264833,281170,391380,138863,269396,154372,248595,346810,288611,387022,229617,145246,173367,144480,165883,188793,166535,324809,97422,528230,263598,210833,172184,448869,226635,201883,137602,217510,192859,270861,133477,353139,122904,320377,103902,177644,173361,150467,125302,219548,124549,229084,136644,,147013,111882,271900,118170,112714
2006-05-01,292667,518330,268780,283507,394240,139493,270581,154154,249272,349626,292556,386790,230776,146055,173859,144821,167043,191692,167476,325603,97791,531288,267808,213149,173360,451252,228246,203478,137773,217546,194707,271493,134534,357168,123057,322566,104307,179801,173642,150861,125543,221002,124798,229263,137026,,147953,112412,273992,118431,113423
2006-06-01,293515,520006,271899,284527,396599,140120,271859,153859,249852,350390,296242,386039,231479,146897,174427,145182,168402,195510,168381,325641,98197,534482,272402,216261,174637,451937,229513,205087,137917,217297,196624,271851,135530,360080,123522,323377,104683,182076,173862,151394,125801,222404,125046,229555,137328,,148806,112927,275563,118659,114199
2006-07-01,294335,520278,273785,284184,397874,140714,273027,153555,250133,350511,299624,383928,232075,147739,175018,145551,169768,197704,169313,324456,98545,536718,276420,220087,175736,450988,230825,206549,138039,217041,198566,271338,136443,362556,123970,324018,105072,183851,173985,152093,126128,223949,125338,229473,137569,,149506,113408,277121,118856,114667
2006-08-01,294806,520014,274983,282785,398183,141207,274046,153195,250450,349998,302685,381616,232536,148603,175625,145878,170935,199845,170274,323194,98801,538931,279943,224139,176550,450141,232145,208060,138091,217104,199959,271045,137429,364317,124361,324042,105448,185807,174168,152398,126461,225748,125799,229312,137609,,150308,113855,278455,119056,115590
2006-09-01,294655,518438,275210,280523,397955,141780,274565,152806,250383,349077,305261,378833,232901,149361,176129,146237,171902,201633,171179,321164,99134,541376,281704,227922,177055,449177,233313,209238,138072,217506,201314,270520,138223,365452,124650,323942,105756,187630,174466,152774,126771,227753,126197,228793,137753,,150925,114300,279568,119370,116465
2006-10-01,294168,517088,274848,279466,397149,142541,274950,152359,250186,347347,307364,376610,233082,150079,176567,146627,172685,200781,171987,319353,99630,541679,283045,231160,177474,447582,234547,210479,138002,218198,202849,269576,138935,365589,125051,323390,106089,189426,174793,152847,127050,229519,126646,228497,137937,,151498,114589,280853,119687,117543
2006-11-01,293768,515684,274219,277567,396122,143197,275098,151848,249700,345087,308634,374096,233188,150636,176853,147000,173243,201128,172627,317221,99839,542976,284030,234174,177807,445160,235801,211756,137857,218469,204571,268540,139277,365606,125333,322649,106416,190894,174991,153230,127324,230754,127010,228081,138242,,152118,114856,281049,120000,118294
2006-12-01,293591,514580,273159,275779,394576,143857,275364,151218,249604,343778,309459,372049,233429,151123,177241,147263,173706,201049,173221,315783,99942,542836,285159,236795,178093,443255,236937,213183,137660,218644,206047,267339,139577,365326,125613,322005,106741,191989,175079,153696,127628,232145,127439,227979,138429,,152668,115061,281217,120171,118852
2007-01-01,293310,513716,271979,273835,393149,144083,275553,150502,249557,342160,310058,370674,233946,151418,177573,147436,174123,202970,173857,313965,99880,543391,285882,239533,178411,443019,238111,214232,137475,218796,207163,266403,139704,365236,125686,321904,106999,192759,175318,154561,127875,233320,127747,227963,138579,,153174,115272,280241,120315,119291
2007-02-01,293288,512547,270793,272712,392254,144184,275706,149818,249381,341311,311153,369741,234382,151795,177974,147576,174533,202839,174445,312877,100024,543275,286610,242175,178824,444738,239105,214954,137380,218670,208042,265270,140268,365009,125806,321973,107175,193416,175482,155024,128128,234163,128000,228028,138659,,153672,115463,280033,120465,119577
2007-03-01,293255,510778,269425,272307,392218,144180,275989,149089,249315,339974,313063,369241,234660,152275,178339,147704,174913,202624,175152,311954,100242,544024,287657,244919,179359,446192,239531,215566,137202,218323,209141,264858,140867,365314,125813,322003,107323,193857,175713,155206,128361,234557,128274,227793,138743,,154274,115591,279961,120550,119767
2007-04-01,293559,508564,267842,272257,392486,144561,276002,148394,249565,338057,315454,368531,234651,152858,178741,147769,175124,202900,175857,310979,100502,544552,289383,247403,179795,447172,239714,216507,137023,217892,210436,264145,141652,365611,125938,321663,107503,194808,175792,155214,128624,235145,128665,227349,138792,,154887,115767,280693,120517,119980
2007-05-01,293137,504877,265705,271894,392266,145053,276241,147516,250125,335695,317325,367698,234493,153401,179052,147783,175378,203577,176637,310119,100706,544665,291073,249959,180235,447362,239941,217229,136822,217403,211778,263741,141959,365701,125882,321204,107761,195651,175816,155373,128700,236034,129092,226695,138781,,155251,115809,281541,120499,120461
2007-06-01,292204,500984,263107,270647,391078,145613,276163,146769,250666,332532,318389,366471,234199,153864,179230,147743,175510,203997,177355,307908,100871,544537,292119,253015,180527,447250,240404,217887,136663,216549,213231,262870,142175,365099,125836,320336,108095,197034,175763,155878,128699,236772,129398,225952,138391,,155595,115882,282596,120524,120785
2007-07-01,290613,495817,260015,268732,389210,146034,276226,145790,251002,328924,318804,364829,233741,154225,179279,147692,175674,204380,177938,306592,100986,543182,292632,256068,180906,447160,240564,218160,136413,215249,214069,262243,142181,364047,125652,319351,108483,197871,175499,156212,128665,237513,129644,224910,138281,,155861,115920,282933,120626,120912
2007-08-01,289165,490772,256689,266296,387179,146522,276310,145034,251130,325141,319320,363272,233252,154491,179279,147617,175796,204745,178475,304928,101131,542573,292690,259022,181108,446957,240433,218747,136128,215228,214816,261730,142316,363014,125582,318558,108818,198603,175392,156708,128790,238183,129978,224126,138211,,156244,116104,282955,120725,121040
2007-09-01,287963,484888,253346,263387,385331,146983,276279,143928,250747,320772,319422,361762,232487,154555,179081,147466,175852,205036,178862,303959,101196,541263,292635,260943,181162,446939,240644,219329,135947,215535,215314,261148,142400,361953,125462,318081,109058,198625,175302,157028,128909,239117,130296,223276,138321,,156517,116181,282455,120807,121248
2007-10-01,286971,478826,249914,260768,383679,147392,276523,142896,250121,316673,318517,359955,231726,154515,178787,147237,175697,205207,179163,302617,101274,541125,292109,262391,181204,447622,241204,220013,135689,216319,216020,260434,142475,360150,125487,317489,109200,198612,175354,157483,129041,240027,130578,222550,137859,,156678,116256,282351,120940,121496
2007-11-01,285923,472840,246282,256970,381941,147707,276682,141700,249169,310185,316833,358147,230955,154242,178255,146829,175503,205429,179372,301935,101288,540607,291067,263651,181300,447783,241929,220789,135215,216000,216561,259260,142404,357134,125727,316284,109359,198548,175248,157995,129150,240719,130631,221327,137498,,156832,116198,281654,120950,121570
2007-12-01,284372,466263,242634,253490,380166,148011,276702,140743,248158,303630,315067,356347,229979,153907,177789,146430,175304,205911,179486,301091,101390,540371,289811,264914,181348,447189,242547,221643,134660,216112,216956,257881,142255,353997,126086,314900,109478,198638,175136,158632,129359,241301,130589,219818,137132,,156843,116184,280373,120926,121389
2008-01-01,282647,459943,238540,249608,378697,147610,276701,139696,246981,295066,313408,354445,228946,153337,176988,146105,175284,206367,179559,299736,101531,539496,287946,265531,181210,446247,243878,222498,134104,216156,217188,256360,141971,351620,126297,312327,109485,198513,174945,159367,129619,241825,130510,218131,136737,,156900,116117,278297,120831,121353
2008-02-01,280734,451972,234660,244737,377560,147088,276429,138430,246016,286270,311975,352232,,152872,176165,146012,175122,207215,179590,297434,101723,538290,286791,265255,181151,445087,243856,223007,133599,216234,217446,255244,141732,349805,126316,309907,109549,198269,174474,159890,129659,241789,130463,216200,136117,,156747,116132,276640,120803,121172
2008-03-01,278451,442416,230396,239630,375848,146442,276220,136886,245077,277463,310549,349854,,152499,175158,145909,174757,207165,179664,295287,101839,538478,285165,263984,181034,443657,243738,222507,133212,216051,217673,253872,141450,347761,126251,307028,109354,197828,173728,160157,129499,242007,130541,214458,135597,,156609,116153,276097,120767,121100
2008-04-01,275887,431307,226428,233527,373158,146310,275740,135121,244312,270595,308525,347767,223801,152357,174430,145573,174359,206801,179677,292993,101943,538852,283787,262142,180969,441565,242542,221964,132876,215122,217662,252898,141279,345075,126122,305232,109404,197257,172898,160124,129231,241770,130611,212777,135332,,156447,116199,275830,120533,120679
2008-05-01,273135,419923,221996,229584,369650,146143,275009,133524,243370,265039,305913,346049,,152232,173705,145162,174025,205037,179573,290238,102051,540984,281692,260082,180667,439638,242013,221767,132634,213813,217286,250617,141179,341382,125953,303798,109449,196601,172244,160078,129106,241941,130783,211352,135158,,156465,116105,275062,120297,120030
2008-06-01,270917,409335,217878,225222,366385,145942,274081,131978,242510,258289,303077,344503,221123,152011,172909,144660,173734,203528,179239,287397,102247,541086,279650,257911,180257,437809,241354,222243,132315,211906,216720,248375,141200,336942,125814,302592,109754,195732,171834,160193,128977,241757,130884,210043,135030,,156502,115897,273062,120070,119392
2008-07-01,268461,398396,213585,220554,363356,145779,272882,130398,241399,251008,300529,342591,220235,151610,171904,144165,173080,202010,178750,284022,102474,536280,277597,255829,179516,434638,240519,222506,132016,210466,216334,246031,141123,331714,125576,300921,109819,194728,171379,160314,128855,241716,130850,208528,134873,,156531,115681,270879,120045,118732
2008-08-01,265756,388097,209086,214333,360444,145308,271675,128394,240434,243425,297608,340374,217492,151061,170743,143617,172288,200604,178233,280567,102617,529201,275284,253459,178611,430561,240211,222159,131611,209008,216168,244127,140783,326852,125188,298557,109801,193612,170820,160545,128758,241939,130880,206599,134648,,156553,115375,268449,120070,118270
2008-09-01,263050,378736,204538,208634,357374,144691,270311,126573,239665,235853,294576,337504,215725,150451,169538,143121,171472,199056,177699,276966,,521789,272822,251575,177718,427424,239733,221881,131131,208041,215935,242283,140448,322156,124693,295712,109802,192649,170082,160726,128727,241926,130851,204451,134233,,156508,115107,266500,120111,117768
2008-10-01,260986,370893,199935,204054,354065,144003,268629,125088,239075,228845,291713,334539,212752,149929,168161,142684,170779,197344,177163,273345,,518407,270232,249690,177000,426146,239220,221577,130470,207099,215564,240090,139945,318014,124339,292877,109913,191433,169010,160987,128605,242140,130879,202262,133678,,156395,114763,264182,120117,117416
2008-11-01,259301,362816,195450,198260,350546,143383,266842,123719,238282,220876,288886,331611,210367,149345,166345,142029,169723,195606,176436,269834,99711,514887,267708,247970,176291,424699,238625,221641,129844,206413,215342,238639,139588,314761,123984,290301,109835,190306,167764,161270,128490,242074,130585,200312,133065,,155985,114477,262516,120012,117201
2008-12-01,257708,355111,191207,192372,347515,142823,265212,121907,237397,214507,285823,329112,207250,148747,164174,141362,168725,193713,175582,265972,99607,511537,264938,245842,175483,422413,238125,221505,129040,205195,215280,236907,138960,311600,123506,288260,109680,189419,166603,161469,128355,241938,130287,198556,132451,,155629,114120,260800,119872,117045
2009-01-01,255827,348021,187227,187112,345393,142301,263722,119592,236596,207640,283197,326980,203977,148201,162100,140731,167524,191649,174671,262225,99891,508654,262654,243097,174675,422122,237956,221420,128133,203823,215344,236092,138536,308435,123137,286362,109490,188849,164900,161780,128147,241705,129822,196859,131942,170088,155284,113738,259494,119784,116711
2009-02-01,254100,343574,183795,184425,343582,142159,262480,117358,236240,202908,280373,324849,201641,147817,160375,140342,166558,189263,174102,258852,100075,504264,259983,240569,174252,422538,237764,220955,127172,202675,215211,234965,137983,304843,122823,285358,109198,188124,163939,161705,127872,242148,129657,195259,131716,170260,155233,113266,258103,119767,116371
2009-03-01,252403,339552,180482,181445,341678,142166,261359,115276,235972,197734,277473,322619,199188,147403,158854,140040,165798,186861,173638,255497,100262,500523,257447,238018,174084,422245,237452,220639,126392,201452,214697,234063,137479,301191,122695,283731,109016,186640,163044,161549,127663,242724,129585,193277,132034,170252,155191,112786,256464,119699,116124
2009-04-01,250965,335514,177119,178218,339011,142252,260424,113625,235755,192637,273526,320817,197988,146821,157142,139703,165050,184467,173103,253199,100069,496332,254593,236261,173953,419202,236972,220110,125948,200449,213999,232108,136784,297515,122522,282337,108878,185539,163077,161062,127570,242975,129830,191607,132289,170051,155405,112317,254994,119562,115979
2009-05-01,249696,331560,173912,174469,336360,142282,259533,112175,235418,186254,270257,319776,196120,146065,155399,139237,164123,182268,172343,251039,99850,492041,252174,234236,173635,415439,236787,219616,125672,198245,213470,230293,136160,294153,122369,279894,109004,184511,162614,160636,127520,242426,129970,190388,132685,169593,155464,111989,253166,119329,115757
2009-06-01,248463,328310,170897,171617,333751,142241,258506,110838,235045,179868,267534,319129,194863,145339,153814,138594,162967,180441,171526,249372,99629,486515,249722,232403,173230,413339,236376,218753,125400,196626,213098,228973,135494,291640,122227,277730,109185,184752,162179,160208,127394,241915,130137,189683,132808,169081,155538,111766,251685,119110,115445
2009-07-01,247353,326112,168457,169217,331469,142261,257464,109761,234449,173721,265815,318617,193593,144671,152590,137899,162010,178597,170757,247578,99373,481540,247308,230716,172819,410554,235571,217772,125004,194886,212693,227970,134891,289028,121921,275418,109352,184270,161544,159694,127314,241394,130189,189140,132951,168763,155405,111510,250445,118870,115199
2009-08-01,246211,324153,166119,166945,329545,142050,256323,108630,233943,169261,264137,318066,192403,144173,151551,137342,161315,176812,169839,246308,99203,478159,245464,229118,172312,408379,234353,216627,124574,194347,212028,227042,134238,286815,121592,274030,109511,184023,161129,159240,127194,240957,130207,188651,133028,169087,155099,111161,249711,118663,114841
2009-09-01,245134,322682,163976,164882,327944,141841,255456,107658,233547,165806,262710,317775,190489,143753,150507,136810,160664,174850,169071,245593,98261,473287,244209,227548,171867,405458,233340,215548,124203,193665,211327,225915,133635,284253,121257,272716,109625,183008,160599,158761,127080,240510,130160,187939,133313,169588,154767,110759,248967,118424,114461
2009-10-01,244222,322171,162229,162634,326847,141574,254806,106470,233409,163707,261824,317499,188750,143446,149421,136442,160051,173245,168456,245246,97343,467915,243318,226125,171605,402530,232705,214941,123959,192985,210641,225005,133154,282525,120979,271706,109643,183011,160068,158418,126949,240069,130191,187062,133730,169948,154443,110406,248331,118277,114015
2009-11-01,243870,323891,161229,162307,326139,141706,254430,105534,233542,161980,261427,317649,187093,143155,148453,136395,159599,171973,168085,245474,96329,463486,242432,225235,171620,402055,232157,214333,123643,192183,209883,224543,132767,281224,120846,270120,109801,182581,159466,158109,126862,240135,130223,186216,134037,169672,154391,110270,247637,118177,113693
2009-12-01,243987,326494,160389,162385,325965,141849,254153,104663,233840,160068,261032,318437,186552,142958,147686,136557,159347,171386,167652,245591,96099,463640,241697,224529,171751,404126,231769,213746,123359,191821,209438,224381,132444,280469,120790,268742,109928,182211,159025,158073,126796,240511,130180,185857,134486,169443,154138,110243,246857,118199,113444
2010-01-01,244523,328648,159720,162408,325936,141848,253929,104169,234510,159236,259676,319758,185654,142863,146891,136555,159224,170297,167257,246855,96057,465753,240872,223676,172063,406523,231430,212846,123060,191546,209191,224467,132282,280167,120724,267368,110138,182003,158976,158233,126810,241356,130089,185721,134990,169440,154148,110384,246432,118167,113330
2010-02-01,244961,329028,159099,161199,326026,141818,253961,103579,235172,158374,258402,321328,185313,142783,146246,136283,158990,169544,166802,247928,96168,470289,240244,222874,172451,406582,231247,212158,123013,191557,209279,224184,132148,279548,120780,266889,110254,182059,159209,158297,126892,241408,129895,185913,135421,169435,154162,110471,246316,118137,113287
2010-03-01,245411,330222,158729,160046,325840,141906,254041,103274,235687,157625,257299,322410,184080,142814,145757,136255,158672,168345,166488,249125,96487,472140,240132,222195,173001,405701,231378,211942,122951,192128,209342,223650,131805,279243,120809,267085,110475,182409,159541,158437,127164,241617,129996,186536,135464,169170,154431,110594,246314,118213,113199
2010-04-01,245895,331702,158363,159716,325653,142211,254521,103185,235698,156223,257665,323607,184513,142871,145626,136503,158498,167753,166397,248831,96806,474973,239906,221931,173469,407463,231474,211857,123012,193309,209519,222960,131345,279008,121025,268124,110776,181858,159829,158572,127383,241764,130096,187129,135962,168863,154501,110655,245971,118382,113045
2010-05-01,246225,333282,157813,158986,325238,142450,254907,103417,235198,154955,258043,324202,183956,142965,145442,136722,158475,167076,166373,248207,97089,475198,239070,221520,173711,412048,231598,212184,123012,194219,209847,222535,130831,279313,121058,268761,111085,181365,159967,158888,127521,242459,130310,187594,136213,168875,154679,110738,245734,118547,112831
2010-06-01,246017,332569,156964,158069,324605,142422,255482,103659,234361,154583,257539,324739,184576,142888,145088,136496,158281,165521,166184,247828,97359,478141,237763,220497,173644,416085,231585,212089,122960,193750,210084,222202,130352,279043,121106,269200,111150,180141,159693,159042,127419,242659,130332,187341,136215,169167,154825,110697,245486,118487,112627
2010-07-01,245021,330867,155819,155645,323518,142026,255718,103470,233305,153961,255659,324217,182592,142669,144155,135965,157786,163566,165616,247711,97543,479364,236250,218800,173235,417500,231956,211882,122632,192522,209923,222183,129681,277982,120960,268578,110932,179004,159126,159106,127215,242834,130085,186742,135280,169838,154756,110451,245022,118334,112283
2010-08-01,243830,328438,154429,153924,321918,141396,255418,103024,232176,153107,253035,323310,181458,142310,142948,135230,157191,161671,164909,247428,97799,480770,234486,216646,172612,417711,232324,211420,122197,191311,209576,222246,128980,275850,120689,267569,110656,177837,157969,159143,126929,243044,129528,185358,134250,170507,154547,110187,243770,118135,111862
2010-09-01,242708,326316,152970,151595,319832,140738,254668,102243,231029,151634,250663,321272,179306,141862,141335,134379,156446,159724,164150,246128,97397,481033,232159,215061,171736,415845,232432,211087,121633,190557,209173,222517,128384,273535,120173,266047,110325,176776,156466,159035,126581,243012,128844,183549,133219,171357,154370,109727,242369,117975,111339
2010-10-01,241787,324002,151464,150132,317483,140116,253497,101461,230004,150415,248049,319339,177906,141329,139959,133444,155674,157828,163437,244473,96876,481387,229933,213527,170768,414231,232597,210624,121014,189681,209000,222082,127921,271449,119628,263786,109883,175030,155008,158980,126154,242690,128360,181632,132368,171800,154224,109305,240386,117799,110817
2010-11-01,240818,322103,149952,148258,315331,139480,252441,100526,229065,149829,245640,317627,175618,140790,138447,132486,154909,155793,162692,242865,96238,483368,227962,211730,169730,411265,232730,209807,120253,188691,208614,221085,127293,269374,119019,261113,109227,173240,153651,158908,125759,241971,127937,180001,131578,172093,153966,108743,238564,117407,110436
2010-12-01,240136,320932,148545,146607,313400,138967,251382,99691,228149,149062,243268,317018,173610,140195,137115,131588,154005,154015,161983,241999,96073,484035,226042,209434,168804,411027,233005,208746,119420,187495,208330,219977,126551,267298,118559,258692,108758,171711,152560,158873,125352,241679,127509,178031,131102,172181,153342,108258,237028,116937,110333
2011-01-01,239518,319979,147096,144681,311900,138512,250755,98768,227421,147497,241342,316290,171838,139495,135729,130804,152990,152410,161229,241163,95929,484939,224212,207444,168026,409664,232771,207551,118670,187459,208187,219160,125792,265458,118113,257654,108460,171529,151517,158786,125063,241341,127073,176277,130928,172202,152310,107847,235691,116307,110345
2011-02-01,238856,318947,145759,142916,310372,138046,250239,98053,226730,145477,239873,315023,170465,138912,134686,130134,151826,150783,160549,240683,95793,484349,222219,205633,167415,409529,232535,206216,117966,187904,208251,219137,125191,264635,117713,257213,108309,171476,150438,158518,124726,240903,126744,174377,130901,172302,151316,107566,234528,115745,110286
2011-03-01,238041,317125,144349,141638,308746,137629,249955,97406,226063,143386,238014,313224,169514,138352,133556,129345,151000,149678,159829,239594,95540,484353,220042,204528,166960,408520,232180,205124,117461,188555,208338,218691,124818,264405,117384,256167,108035,171537,149481,158325,124383,240079,126313,173216,130821,172623,150477,107400,233003,115251,110146
2011-04-01,237334,315374,143029,139924,306777,137247,249416,96817,225333,141406,235997,311886,168148,138003,132215,128555,150177,148113,159045,238239,95378,481908,217976,203324,166396,408621,232151,204567,116912,188297,208268,218194,124489,263873,117093,254908,107738,170712,148485,157979,124031,239125,125814,171800,130326,173086,150057,107194,231458,114910,109938
2011-05-01,236622,312470,141694,138377,304585,136954,248884,96302,224290,140167,232883,310762,167370,137578,130553,127784,149435,146852,158310,236197,95257,479650,216306,202498,165744,408368,231794,204273,116417,187878,207905,217019,124244,262665,116799,253323,107427,169620,147618,157798,123713,238586,125534,170446,130112,173014,149724,106884,229625,114624,109836
2011-06-01,235980,310672,140551,136609,302298,136584,248030,95792,223462,138508,230590,310087,166096,137230,129064,127186,148700,146007,157659,234726,95355,476719,215266,201420,164891,408209,231594,204097,115944,187649,207124,216062,123940,261326,116537,252462,107204,168348,146856,157829,123475,238543,125334,169043,129944,172408,149590,106652,228090,114342,109651
2011-07-01,235267,309013,139495,135644,299867,136438,247302,95484,222645,137499,228417,309279,165602,136855,127914,126710,148193,145932,157097,233002,95387,474847,214409,200720,164111,408582,231338,203671,115666,187614,206608,214721,123612,259695,116426,251043,107187,167680,146065,157910,123324,238670,125152,167873,130030,171832,149485,106527,227018,114092,109716
2011-08-01,234736,307019,138734,135067,297843,136313,246592,95373,222274,135651,226930,308415,164441,136549,127210,126169,147711,145807,156488,231640,95484,472475,213545,200451,163507,407840,231096,203655,115443,187380,206480,213861,123286,258018,116513,249353,107279,167197,145535,158031,123238,238780,124828,167056,130083,171758,149404,106515,225985,113883,109635
2011-09-01,234036,304562,138172,134748,296082,136262,245957,95351,222087,134835,225068,306908,163447,136240,126746,125752,147205,145578,155979,230062,95361,470418,212785,199674,163102,407608,230806,203686,115165,186912,206725,213011,122901,256179,116599,247291,107448,166888,145102,157940,123222,238618,124472,166257,129985,171868,149207,106522,224519,113668,109547
2011-10-01,233345,302062,137913,134756,294474,136077,245298,95283,221985,134081,223329,305018,161497,135870,126354,125189,146683,145496,155338,228510,95265,469535,211709,198927,162735,406525,230643,203900,114793,186334,206620,212658,122505,255067,116588,245204,107264,166477,144616,157986,123200,238552,124053,165458,130036,172119,149115,106570,222773,113427,109220
2011-11-01,232817,301407,137794,134692,292642,135794,244556,95076,222014,133601,221732,303229,160285,135536,125951,124741,146184,145485,154727,226438,95176,467789,210436,198103,162330,406176,230977,203966,114398,185766,206716,211922,121972,254375,116444,243632,107022,166041,144206,158098,123255,238492,123744,164535,130033,172281,148944,106562,221524,113356,109045
2011-12-01,232680,300824,137744,135513,290758,135503,243987,94840,222101,133032,220454,302069,158490,135229,125148,124190,146021,145505,154144,224685,95218,468278,209070,198174,161939,404959,231187,204018,114043,185153,206898,211204,121592,253764,116232,242096,106748,165615,143605,158285,123331,238699,123462,163605,129920,172407,148601,106504,220165,113299,108938
2012-01-01,232720,300613,137807,136046,289409,135416,243472,94658,222485,132877,219603,301076,157602,135116,124579,123854,146044,145438,153735,223684,95213,468740,208230,198155,161611,405416,231256,204216,113585,184460,207706,210329,121543,252928,115937,240893,106659,165303,143217,158448,123312,239528,123385,162953,129495,172650,148338,106478,219234,113293,108866
2012-02-01,233073,300359,137912,136999,288550,135666,242940,94552,223013,132604,218492,300131,155955,135008,124054,123640,146339,145822,153474,222601,95252,469943,208006,198486,161373,404891,231156,204316,113146,183591,208395,209756,121568,252445,115797,239797,106686,165058,142616,158581,123298,240273,123396,162689,129006,173180,148140,106527,217881,113318,108773
2012-03-01,233499,300501,138224,137535,288264,136114,242567,94887,223608,132278,218168,299916,155755,135045,124269,123734,146345,146607,153369,221760,95358,471834,208489,198859,161275,406602,230950,204800,112893,182998,209023,209032,121687,252540,115796,239018,106766,164772,142375,158560,123318,241427,123607,163136,129039,174003,148376,106736,217590,113446,108642
2012-04-01,233873,301200,138612,139396,287536,136518,242462,95301,224305,132070,218160,300326,155439,135127,124488,124058,146373,148055,153506,220986,95492,472979,209439,199827,161304,406389,230881,205224,112852,182989,209433,208656,121560,252970,116034,238295,107033,164533,142252,158563,123454,242181,123831,163790,129429,174857,148724,107051,217020,113675,108601
2012-05-01,234177,302446,139080,142074,286808,136944,242678,95933,225369,132451,219155,301241,155741,135282,124867,124414,146241,149523,153517,220473,95495,474468,210614,201208,161385,407699,230716,205831,112833,183315,210114,208995,121559,253306,116256,237465,107385,164659,142633,158677,123659,243098,124028,164489,129988,175917,149127,107481,217292,113812,108607
2012-06-01,234311,304222,139574,145092,285677,137357,242953,96579,226703,133827,220410,301681,155649,135347,125271,124581,146105,150852,153382,220014,95508,472376,211685,202545,161336,410002,230739,206283,112778,184017,210900,209763,121456,253492,116364,236092,107681,164727,142877,158825,123861,243237,124323,165265,130389,177417,149396,107827,216971,113822,108613
2012-07-01,234505,306255,140228,147859,284675,137858,243128,97413,228270,135271,221853,302116,155061,135456,125796,124529,145847,152286,153204,219756,95573,472113,212508,203548,161157,414713,230810,206868,112761,184625,211478,210858,121440,253736,116377,234812,107902,164859,143205,159098,124109,243267,124561,166124,130797,178798,149429,108037,216503,113815,108659
2012-08-01,234541,308568,141017,150558,283582,138218,243222,98139,229428,137266,223209,302301,154437,135567,126138,124477,145609,154220,153206,219836,95713,471718,213565,204437,160952,419839,230923,207734,112804,185028,211712,211138,121404,253937,116341,233874,108068,164778,143135,159407,124256,243128,124703,167074,131053,180047,149520,108211,215341,113745,108605
2012-09-01,234813,311170,141984,153676,282937,138427,243230,98700,230719,139058,224407,302431,153663,135771,126236,124577,145634,156032,153194,219833,95797,474818,214656,205836,160762,424615,230903,208453,112851,185007,212043,211185,121455,254255,116341,233232,108090,165126,143104,159863,124471,243302,124573,168103,131471,181058,149555,108450,214285,113819,108388
2012-10-01,235501,314678,143113,156398,282718,138590,243105,99310,231964,140941,225822,303077,153905,135917,126396,124533,145774,157696,153215,219952,95858,477573,216116,207610,160641,429904,230616,209281,112855,184983,212892,211217,121503,254602,116416,233010,107998,165154,142778,160308,124801,243552,124515,169371,131593,182590,149603,108670,213112,113849,108095
2012-11-01,236656,318559,144293,159091,282935,138953,243121,99926,233434,143002,227577,304518,154210,136052,126966,124683,145952,158702,153242,220704,95927,482037,217020,209446,160563,435339,230327,210182,112810,185531,213824,211434,121668,255379,116342,233088,108006,165372,142707,160670,125177,244001,124632,170730,132027,184232,149487,108901,212335,113920,107921
2012-12-01,237666,323979,145655,160681,283282,139466,243275,100470,234828,145233,229442,306645,154464,136215,127732,124839,146021,160111,153319,221440,95990,485374,218335,211342,160605,441184,230333,211127,112786,186140,214959,211905,121772,256287,116364,233787,108197,164992,142463,161126,125566,243814,124832,172035,132465,186015,149328,109135,211641,113910,107928
2013-01-01,238800,329509,147210,162808,284133,140153,243538,101069,236522,148004,231015,308174,154982,136483,128777,125382,146097,161829,153485,221984,96053,487943,219973,213200,160767,442265,230630,211826,112813,186560,215644,211966,121974,257592,116323,234768,108524,164745,142555,161710,126040,244282,124875,173310,133553,187624,149276,109470,211759,113972,107957
2013-02-01,239779,335903,148923,164191,284849,140891,244045,101974,238457,151065,232809,310614,155764,136814,129872,125732,146238,163505,153719,222826,96193,489355,222775,215191,161036,441811,231016,212282,112944,186752,216356,212526,122131,259055,116511,235429,108744,164500,142244,162344,126580,244664,124770,174376,134618,189462,149476,109757,212265,114108,107967
2013-03-01,240949,342413,150598,166165,285754,141801,244559,103204,240589,154840,234927,312945,156515,137191,131065,126067,146683,165763,154170,223814,96471,491088,225446,217410,161389,441088,231343,213027,113092,187017,216908,213612,122460,260824,116684,236251,108994,164957,142617,162972,126941,245766,124997,175563,135336,191137,149928,109929,213101,114356,108047
2013-04-01,241788,349439,152159,167667,286287,142748,245468,104509,242306,158051,237387,315626,157472,137611,132110,126283,147084,167437,154629,225171,96780,493886,228344,220148,161853,446081,231419,213938,113398,187250,217466,215164,122733,262587,117087,237594,109332,165532,143237,163487,127138,246418,125373,176651,135717,192620,150278,110024,213667,114559,108022
2013-05-01,242453,356511,153908,169567,287254,143688,246384,105811,243857,161954,239971,317711,158319,137963,133246,126643,147476,169518,155148,226693,96991,493916,231103,222609,162327,453780,231330,214875,113856,187584,218014,216579,122879,264449,117454,239334,109576,166343,144409,164059,127325,247173,125839,178419,135876,193917,150538,110092,213858,114783,107970
2013-06-01,242996,363935,155599,172113,288576,144625,247413,107153,245299,166259,242217,319554,159753,138331,134468,127097,147863,171003,155611,228103,97129,493195,233596,225463,162819,460061,231178,215871,114467,188128,218236,217793,122974,265945,117851,240987,109837,167030,145257,164613,127621,248504,126059,180089,136287,195392,150888,110200,214156,115056,107798
2013-07-01,243686,371000,157545,175149,290146,145577,248276,108615,247097,171320,244553,321612,160896,138637,135733,127500,148382,172657,156076,229004,97317,493116,235789,228029,163254,465245,231057,216829,115032,188481,218476,218848,123083,267318,118144,241847,110109,167577,146011,165216,127849,249791,126247,181920,136578,196717,151374,110324,214415,115370,107679
2013-08-01,244502,377542,159554,177601,291710,146469,248912,110046,248985,175557,246640,323564,162339,139119,137096,127765,149081,173877,156543,230093,97561,498810,237258,230567,163539,469263,230948,217860,115481,188868,218754,219755,123348,268373,118451,242514,110484,168385,146620,165732,128001,251139,126320,183456,136879,198059,151871,110485,215499,115751,107531
2013-09-01,245493,383321,161772,179626,292910,147391,249474,111383,250755,179392,248699,325929,163495,139699,138493,127846,149687,174764,156951,231306,97930,505399,238932,232584,163778,473455,230676,218652,115755,188755,219202,220520,123537,269806,118673,243228,110857,168484,147353,166209,128127,251919,126431,184921,137008,199426,152068,110627,216563,115972,107433
